{
  "activateSkinCapeForUserVersion": false,
  "skipHashsumValidation": false,
  "additionalFiles": [
    {
      "sha1": "6c48521eed01fe2e8ecdadbd5ae348415f3c47da",
      "size": 8001795,
      "path": "libraries/net/minecraft/client/1.20.1-20230612.114412/client-1.20.1-20230612.114412-mappings.txt",
      "url": "http://res.tlauncher.org/unb/libraries/cache/net/minecraft/client/1.20.1-20230612.114412/client-1.20.1-20230612.114412-mappings.txt"
    },
    {
      "sha1": "de86b035d2da0f78940796bb95c39a932ed84834",
      "size": 12592249,
      "path": "libraries/net/minecraft/client/1.20.1-20230612.114412/client-1.20.1-20230612.114412-slim.jar",
      "url": "http://res.tlauncher.org/unb/libraries/cache/net/minecraft/client/1.20.1-20230612.114412/client-1.20.1-20230612.114412-slim.jar"
    },
    {
      "sha1": "8c5a95cbce940cfdb304376ae9fea47968d02587",
      "size": 10436626,
      "path": "libraries/net/minecraft/client/1.20.1-20230612.114412/client-1.20.1-20230612.114412-extra.jar",
      "url": "http://res.tlauncher.org/unb/libraries/cache/net/minecraft/client/1.20.1-20230612.114412/client-1.20.1-20230612.114412-extra.jar"
    },
    {
      "sha1": "3c8aa19b710a3a68f721210eb69b74594d13e218",
      "size": 18842082,
      "path": "libraries/net/minecraft/client/1.20.1-20230612.114412/client-1.20.1-20230612.114412-srg.jar",
      "url": "http://res.tlauncher.org/unb/libraries/cache/net/minecraft/client/1.20.1-20230612.114412/client-1.20.1-20230612.114412-srg.jar"
    },
    {
      "sha1": "4d8a9a63dc16a45d7fc5c54c627234f601d0cc17",
      "size": 4848366,
      "path": "libraries/net/minecraftforge/forge/1.20.1-47.4.10/forge-1.20.1-47.4.10-client.jar",
      "url": "http://res.tlauncher.org/unb/libraries/cache/net/minecraftforge/forge/1.20.1-47.4.10/forge-1.20.1-47.4.10-client.jar"
    },
    {
      "sha1": "41747347bacead85302e07082073fb46c2f69361",
      "size": 2777708,
      "path": "libraries/net/minecraftforge/forge/1.20.1-47.4.10/forge-1.20.1-47.4.10-universal.jar",
      "url": "http://res.tlauncher.org/unb/libraries/cache/net/minecraftforge/forge/1.20.1-47.4.10/forge-1.20.1-47.4.10-universal.jar"
    },
    {
      "sha1": "94dae566be650566ea9115a1414ab76bfcf5a804",
      "size": 118913,
      "path": "libraries/net/minecraftforge/fmlcore/1.20.1-47.4.10/fmlcore-1.20.1-47.4.10.jar",
      "url": "http://res.tlauncher.org/unb/libraries/cache/net/minecraftforge/fmlcore/1.20.1-47.4.10/fmlcore-1.20.1-47.4.10.jar"
    },
    {
      "sha1": "ccc533c7dd67e0983217197d7549c8b49e7ab453",
      "size": 16854,
      "path": "libraries/net/minecraftforge/javafmllanguage/1.20.1-47.4.10/javafmllanguage-1.20.1-47.4.10.jar",
      "url": "http://res.tlauncher.org/unb/libraries/cache/net/minecraftforge/javafmllanguage/1.20.1-47.4.10/javafmllanguage-1.20.1-47.4.10.jar"
    },
    {
      "sha1": "ec5cefbbc65c67302b8fac317010faab85fa14b9",
      "size": 4999,
      "path": "libraries/net/minecraftforge/mclanguage/1.20.1-47.4.10/mclanguage-1.20.1-47.4.10.jar",
      "url": "http://res.tlauncher.org/unb/libraries/cache/net/minecraftforge/mclanguage/1.20.1-47.4.10/mclanguage-1.20.1-47.4.10.jar"
    },
    {
      "sha1": "e9a2879fe3612ea34b9728ec2633304a1e67d480",
      "size": 7398,
      "path": "libraries/net/minecraftforge/lowcodelanguage/1.20.1-47.4.10/lowcodelanguage-1.20.1-47.4.10.jar",
      "url": "http://res.tlauncher.org/unb/libraries/cache/net/minecraftforge/lowcodelanguage/1.20.1-47.4.10/lowcodelanguage-1.20.1-47.4.10.jar"
    }
  ],
  "tlauncherVersion": 0,
  "modpack": {
    "modpackMemory": false,
    "memory": 0,
    "id": -13565239509600,
    "name": "XMASWORLD",
    "favorite": false,
    "version": {
      "mods": [
        {
          "stateGameElement": "active",
          "id": 10000020,
          "name": "TL skin and cape",
          "author": "tlauncher.org",
          "uuid": "cd3ef9ea-62dd-11e6-b39e-002590a1379b",
          "linkProject": "https://tlauncher.org",
          "favorite": false,
          "categories": [],
          "picture": 73988,
          "pictures": [
            73989,
            73990
          ],
          "lanName": "tl-skin-and-cape",
          "version": {
            "id": 11005070,
            "name": "1.32",
            "updateDate": 1688561637000,
            "type": "release",
            "gameVersionsDTO": [
              {
                "id": 46,
                "name": "1.20.1"
              },
              {
                "id": 45,
                "name": "1.20"
              }
            ],
            "metadata": {
              "sha1": "b7df8fec6b076b9b1755754f03fde08349d221d1",
              "size": 715179,
              "path": "mods/tl_skin_cape_forge_1.20_1.20.1-1.32.jar",
              "url": "/mods/23168708/11005069/tl_skin_cape_forge_1.20_1.20.1-1.32.jar"
            },
            "installed": 75289676,
            "available": false,
            "minecraftVersionTypes": [
              {
                "id": 1,
                "name": "forge"
              }
            ]
          },
          "popularity": 5,
          "downloadMonth": 332992,
          "userInstall": false,
          "populateStatus": false,
          "dependencies": [],
          "lastGameVersion": {
            "id": 65,
            "name": "1.21.10"
          },
          "updated": 1762240324000,
          "update": 1762240324000,
          "downloadALL": 564619913,
          "available": true,
          "parser": false,
          "totalComments": 0,
          "adult": false
        },
        {
          "stateGameElement": "active",
          "id": 9999999,
          "name": "Optifine",
          "author": "OptiFine.net",
          "uuid": "cd3ef9ea-62dd-11e6-b39e-002590a1379b",
          "linkProject": "https://optifine.net",
          "favorite": false,
          "categories": [
            {
              "id": 22,
              "name": "mc_miscellaneous",
              "shortName": "mixed",
              "nesting": 0
            },
            {
              "id": 2,
              "name": "adventure_rpg",
              "shortName": "rpg",
              "nesting": 0
            },
            {
              "id": 29,
              "name": "world_gen",
              "shortName": "world",
              "nesting": 0
            }
          ],
          "picture": 52103,
          "pictures": [],
          "lanName": "optifine",
          "version": {
            "id": 11007362,
            "name": "1.20.1_HD_U_I6_pre6",
            "updateDate": 1702183588000,
            "type": "release",
            "gameVersionsDTO": [
              {
                "id": 46,
                "name": "1.20.1"
              }
            ],
            "metadata": {
              "sha1": "445b32b14a2c2802d5a0832a708712d2fabafbc2",
              "size": 7145056,
              "path": "mods/preview_OptiFine_1.20.1_HD_U_I6_pre6.jar",
              "url": "/mods/23762020/11007361/preview_OptiFine_1.20.1_HD_U_I6_pre6.jar"
            },
            "installed": 25732143,
            "available": false,
            "minecraftVersionTypes": [
              {
                "id": 1,
                "name": "forge"
              }
            ]
          },
          "popularity": 5,
          "downloadMonth": 106929,
          "userInstall": false,
          "populateStatus": false,
          "dependencies": [],
          "lastGameVersion": {
            "id": 65,
            "name": "1.21.10"
          },
          "updated": 1764776796000,
          "update": 1764776796000,
          "downloadALL": 178317967,
          "available": true,
          "parser": false,
          "totalComments": 0,
          "adult": false
        },
        {
          "stateGameElement": "active",
          "id": 363543,
          "name": "DivineRPG (Official)",
          "author": "nicosaurusrex99",
          "linkProject": "https://www.curseforge.com/minecraft/mc-mods/official-divinerpg",
          "favorite": false,
          "categories": [
            {
              "id": 17,
              "name": "world_dimensions",
              "shortName": "dimensions",
              "nesting": 0
            },
            {
              "id": 55,
              "name": "adventure_and_rpg",
              "shortName": "roleplay",
              "nesting": 0
            },
            {
              "id": 4,
              "name": "armor_weapons_tools",
              "shortName": "military",
              "nesting": 0
            },
            {
              "id": 13,
              "name": "world_mobs",
              "shortName": "mobs",
              "nesting": 0
            },
            {
              "id": 29,
              "name": "world_gen",
              "shortName": "world",
              "nesting": 0
            }
          ],
          "picture": 845884,
          "pictures": [],
          "lanName": "official-divinerpg",
          "version": {
            "id": 5715606,
            "name": "divinerpg-1.10.7.5",
            "updateDate": 1726110098000,
            "type": "release",
            "gameVersionsDTO": [
              {
                "id": 46,
                "name": "1.20.1"
              }
            ],
            "metadata": {
              "sha1": "5c67025048dc95b979fd02430ded615b534175e6",
              "size": 28016649,
              "path": "mods/divinerpg-1.10.7.5.jar",
              "url": "/mods/363543/5715606/divinerpg-1.10.7.5.jar"
            },
            "installed": 69735,
            "available": false,
            "minecraftVersionTypes": [
              {
                "id": 5,
                "name": "neoForge"
              },
              {
                "id": 1,
                "name": "forge"
              }
            ]
          },
          "popularity": 5,
          "downloadMonth": 2816,
          "userInstall": false,
          "populateStatus": false,
          "dependencies": [
            {
              "gameType": "mod",
              "id": 1275,
              "name": "Create",
              "gameEntityId": 328085,
              "dependencyType": "optional"
            },
            {
              "gameType": "mod",
              "id": 1782,
              "name": "Farmer's Delight",
              "gameEntityId": 398521,
              "dependencyType": "optional"
            },
            {
              "gameType": "mod",
              "id": 828,
              "name": "Corail Woodcutter",
              "gameEntityId": 331983,
              "dependencyType": "optional"
            },
            {
              "gameType": "mod",
              "id": 956,
              "name": "Just Enough Effect Descriptions (JEED)",
              "gameEntityId": 532286,
              "dependencyType": "optional"
            },
            {
              "gameType": "mod",
              "id": 2304,
              "name": "Supplementaries",
              "gameEntityId": 412082,
              "dependencyType": "optional"
            },
            {
              "gameType": "mod",
              "id": 8257,
              "name": "Starlight (Forge)",
              "gameEntityId": 526854,
              "dependencyType": "incompatible"
            },
            {
              "gameType": "mod",
              "id": 32,
              "name": "Immersive Engineering",
              "gameEntityId": 231951,
              "dependencyType": "optional"
            },
            {
              "gameType": "mod",
              "id": 8258,
              "name": "Starlight (NeoForge)",
              "gameEntityId": 951766,
              "dependencyType": "incompatible"
            },
            {
              "gameType": "mod",
              "id": 9705,
              "name": "DivineRPG Compatability",
              "gameEntityId": 807162,
              "dependencyType": "optional"
            },
            {
              "gameType": "mod",
              "id": 779,
              "name": "Serene Seasons",
              "gameEntityId": 291874,
              "dependencyType": "optional"
            },
            {
              "gameType": "mod",
              "id": 4618,
              "name": "Brewin' And Chewin'",
              "gameEntityId": 637808,
              "dependencyType": "optional"
            },
            {
              "gameType": "mod",
              "id": 89,
              "name": "Ender IO",
              "gameEntityId": 64578,
              "dependencyType": "optional"
            },
            {
              "gameType": "mod",
              "id": 528,
              "name": "Integrated Dynamics",
              "gameEntityId": 236307,
              "dependencyType": "optional"
            },
            {
              "gameType": "mod",
              "id": 35,
              "name": "Applied Energistics 2",
              "gameEntityId": 223794,
              "dependencyType": "optional"
            },
            {
              "gameType": "mod",
              "id": 355,
              "name": "ProjectE",
              "gameEntityId": 226410,
              "dependencyType": "optional"
            },
            {
              "gameType": "mod",
              "id": 835,
              "name": "PneumaticCraft Repressurized",
              "gameEntityId": 281849,
              "dependencyType": "optional"
            },
            {
              "gameType": "mod",
              "id": 1956,
              "name": "AttributeFix",
              "gameEntityId": 280510,
              "dependencyType": "optional"
            }
          ],
          "lastGameVersion": {
            "id": 53,
            "name": "1.21.1"
          },
          "updated": 1766437200000,
          "update": 1766437200000,
          "downloadALL": 2336519,
          "available": true,
          "parser": true,
          "totalComments": 0,
          "adult": false
        },
        {
          "stateGameElement": "active",
          "id": 572662,
          "name": "[IU] Simply Quarries",
          "author": "denfop",
          "linkProject": "https://www.curseforge.com/minecraft/mc-mods/simply-quarries",
          "favorite": false,
          "categories": [
            {
              "id": 5,
              "name": "technology",
              "shortName": "technology",
              "nesting": 0
            },
            {
              "id": 20,
              "name": "technology_item_fluid_energy_transport",
              "shortName": "fluid",
              "nesting": 0
            },
            {
              "id": 12,
              "name": "technology_energy",
              "shortName": "energy",
              "nesting": 0
            }
          ],
          "picture": 951092,
          "pictures": [],
          "lanName": "simply-quarries",
          "version": {
            "id": 7149498,
            "name": "simplyquarries-1.7",
            "updateDate": 1761422378000,
            "type": "release",
            "gameVersionsDTO": [
              {
                "id": 46,
                "name": "1.20.1"
              }
            ],
            "metadata": {
              "sha1": "b16077d9af23a3f3274dc8ceb3ccd37847a23840",
              "size": 136173,
              "path": "mods/simplyquarries-1.7.jar",
              "url": "/mods/572662/7149498/simplyquarries-1.7.jar"
            },
            "installed": 5599,
            "available": false,
            "minecraftVersionTypes": [
              {
                "id": 5,
                "name": "neoForge"
              },
              {
                "id": 1,
                "name": "forge"
              }
            ]
          },
          "popularity": 3,
          "downloadMonth": 0,
          "userInstall": false,
          "populateStatus": false,
          "dependencies": [
            {
              "gameType": "mod",
              "id": 1970,
              "name": "[IU] Industrial Upgrade",
              "gameEntityId": 372007,
              "dependencyType": "required"
            }
          ],
          "lastGameVersion": {
            "id": 53,
            "name": "1.21.1"
          },
          "updated": 1761339600000,
          "update": 1761339600000,
          "downloadALL": 109891,
          "available": true,
          "parser": true,
          "totalComments": 0,
          "adult": false
        },
        {
          "stateGameElement": "active",
          "id": 572640,
          "name": "[IU] Power Utilities",
          "author": "denfop",
          "linkProject": "https://www.curseforge.com/minecraft/mc-mods/power-utilities-iu",
          "favorite": false,
          "categories": [
            {
              "id": 11,
              "name": "addons_thermalexpansion",
              "shortName": "thermalexpansion",
              "nesting": 0
            },
            {
              "id": 5,
              "name": "technology",
              "shortName": "technology",
              "nesting": 0
            },
            {
              "id": 12,
              "name": "technology_energy",
              "shortName": "energy",
              "nesting": 0
            }
          ],
          "picture": 1122306,
          "pictures": [],
          "lanName": "power-utilities-iu",
          "version": {
            "id": 6951504,
            "name": "powerutils-1.8",
            "updateDate": 1756715827000,
            "type": "release",
            "gameVersionsDTO": [
              {
                "id": 46,
                "name": "1.20.1"
              }
            ],
            "metadata": {
              "sha1": "c8bf8ed05d2603562477a4b9873d4fa98026d31a",
              "size": 71203,
              "path": "mods/powerutils-1.8.jar",
              "url": "/mods/572640/6951504/powerutils-1.8.jar"
            },
            "installed": 8936,
            "available": false,
            "minecraftVersionTypes": [
              {
                "id": 5,
                "name": "neoForge"
              },
              {
                "id": 1,
                "name": "forge"
              }
            ]
          },
          "popularity": 3,
          "downloadMonth": 0,
          "userInstall": false,
          "populateStatus": false,
          "dependencies": [
            {
              "gameType": "mod",
              "id": 1970,
              "name": "[IU] Industrial Upgrade",
              "gameEntityId": 372007,
              "dependencyType": "required"
            }
          ],
          "lastGameVersion": {
            "id": 53,
            "name": "1.21.1"
          },
          "updated": 1756674000000,
          "update": 1756674000000,
          "downloadALL": 111403,
          "available": true,
          "parser": true,
          "totalComments": 0,
          "adult": false
        },
        {
          "stateGameElement": "active",
          "id": 572971,
          "name": "[IU] Quantum Generators",
          "author": "denfop",
          "linkProject": "https://www.curseforge.com/minecraft/mc-mods/quantum-generators",
          "favorite": false,
          "categories": [
            {
              "id": 5,
              "name": "technology",
              "shortName": "technology",
              "nesting": 0
            },
            {
              "id": 12,
              "name": "technology_energy",
              "shortName": "energy",
              "nesting": 0
            }
          ],
          "picture": 951093,
          "pictures": [],
          "lanName": "quantum-generators",
          "version": {
            "id": 7240021,
            "name": "quantumgenerators-1.7",
            "updateDate": 1763582913000,
            "type": "release",
            "gameVersionsDTO": [
              {
                "id": 46,
                "name": "1.20.1"
              }
            ],
            "metadata": {
              "sha1": "c7119e4839ceba2f99a09f1a8107340a43e1b1c4",
              "size": 159554,
              "path": "mods/quantumgenerators-1.7.jar",
              "url": "/mods/572971/7240021/quantumgenerators-1.7.jar"
            },
            "installed": 3,
            "available": false,
            "minecraftVersionTypes": [
              {
                "id": 5,
                "name": "neoForge"
              },
              {
                "id": 1,
                "name": "forge"
              }
            ]
          },
          "popularity": 3,
          "downloadMonth": 0,
          "userInstall": false,
          "populateStatus": false,
          "dependencies": [
            {
              "gameType": "mod",
              "id": 1970,
              "name": "[IU] Industrial Upgrade",
              "gameEntityId": 372007,
              "dependencyType": "required"
            }
          ],
          "lastGameVersion": {
            "id": 53,
            "name": "1.21.1"
          },
          "updated": 1756674000000,
          "update": 1756674000000,
          "downloadALL": 104936,
          "available": true,
          "parser": true,
          "totalComments": 0,
          "adult": false
        },
        {
          "stateGameElement": "active",
          "id": 372007,
          "name": "[IU] Industrial Upgrade",
          "author": "denfop",
          "linkProject": "https://www.curseforge.com/minecraft/mc-mods/industrial-upgrade",
          "favorite": false,
          "categories": [
            {
              "id": 28,
              "name": "addons_industrialcraft",
              "shortName": "industrialcraft",
              "nesting": 0
            },
            {
              "id": 83,
              "name": "storage",
              "shortName": "storage",
              "nesting": 0
            },
            {
              "id": 4,
              "name": "armor_weapons_tools",
              "shortName": "military",
              "nesting": 0
            },
            {
              "id": 5,
              "name": "technology",
              "shortName": "technology",
              "nesting": 0
            },
            {
              "id": 12,
              "name": "technology_energy",
              "shortName": "energy",
              "nesting": 0
            }
          ],
          "picture": 1034455,
          "pictures": [
            201026,
            201025,
            201024,
            201028,
            201027,
            201029,
            214531
          ],
          "lanName": "super-solar-panel",
          "version": {
            "id": 7334108,
            "name": "IndustrialUpgrade-1.20.1-3.3.2.26",
            "updateDate": 1765745083000,
            "type": "release",
            "gameVersionsDTO": [
              {
                "id": 46,
                "name": "1.20.1"
              }
            ],
            "metadata": {
              "sha1": "83277bed72beb5a633ac2451b1e2d9244cb6b0bc",
              "size": 29420065,
              "path": "mods/IndustrialUpgrade-1.20.1-3.3.2.26.jar",
              "url": "/mods/372007/7334108/IndustrialUpgrade-1.20.1-3.3.2.26.jar"
            },
            "installed": 355,
            "available": false,
            "minecraftVersionTypes": [
              {
                "id": 5,
                "name": "neoForge"
              },
              {
                "id": 1,
                "name": "forge"
              }
            ]
          },
          "popularity": 5,
          "downloadMonth": 427,
          "userInstall": false,
          "populateStatus": false,
          "dependencies": [
            {
              "gameType": "mod",
              "id": 14953,
              "name": "[IU] MiningWorld Upgrade",
              "gameEntityId": 1336018,
              "dependencyType": "optional"
            },
            {
              "gameType": "mod",
              "id": 15017,
              "name": "[IU] Diamond Vein",
              "gameEntityId": 1339002,
              "dependencyType": "optional"
            },
            {
              "gameType": "mod",
              "id": 15014,
              "name": "[IU] Watering Can",
              "gameEntityId": 1339065,
              "dependencyType": "optional"
            },
            {
              "gameType": "mod",
              "id": 4289,
              "name": "[IU] Simply Quarries",
              "gameEntityId": 572662,
              "dependencyType": "required"
            },
            {
              "gameType": "mod",
              "id": 4287,
              "name": "[IU] Power Utilities",
              "gameEntityId": 572640,
              "dependencyType": "required"
            },
            {
              "gameType": "mod",
              "id": 15106,
              "name": "[IU] No Weed",
              "gameEntityId": 1339227,
              "dependencyType": "optional"
            },
            {
              "gameType": "mod",
              "id": 15016,
              "name": "[IU] Fast Primitive Age",
              "gameEntityId": 1339069,
              "dependencyType": "optional"
            },
            {
              "gameType": "mod",
              "id": 15105,
              "name": "[IU] No Heat Machine",
              "gameEntityId": 1339220,
              "dependencyType": "optional"
            },
            {
              "gameType": "mod",
              "id": 15015,
              "name": "[IU] Fast Steam Age",
              "gameEntityId": 1339077,
              "dependencyType": "optional"
            },
            {
              "gameType": "mod",
              "id": 4288,
              "name": "[IU] Quantum Generators",
              "gameEntityId": 572971,
              "dependencyType": "required"
            },
            {
              "gameType": "mod",
              "id": 15104,
              "name": "[IU] No Damage Bee",
              "gameEntityId": 1339206,
              "dependencyType": "optional"
            }
          ],
          "lastGameVersion": {
            "id": 53,
            "name": "1.21.1"
          },
          "updated": 1762722000000,
          "update": 1762722000000,
          "downloadALL": 502998,
          "available": true,
          "parser": true,
          "totalComments": 0,
          "adult": false
        },
        {
          "stateGameElement": "active",
          "id": 398521,
          "name": "Farmer's Delight",
          "author": "vectorwing",
          "linkProject": "https://www.curseforge.com/minecraft/mc-mods/farmers-delight",
          "favorite": false,
          "categories": [
            {
              "id": 3,
              "name": "cosmetic",
              "shortName": "cosmetic",
              "nesting": 0
            },
            {
              "id": 24,
              "name": "mc_food",
              "shortName": "food",
              "nesting": 0
            },
            {
              "id": 10,
              "name": "technology_farming",
              "shortName": "farming",
              "nesting": 0
            }
          ],
          "picture": 821137,
          "pictures": [
            315669,
            315671,
            315668,
            315672,
            315667,
            315670
          ],
          "lanName": "farmers-delight",
          "version": {
            "id": 6917255,
            "name": "FarmersDelight-1.20.1-1.2.9",
            "updateDate": 1755913579000,
            "type": "release",
            "gameVersionsDTO": [
              {
                "id": 46,
                "name": "1.20.1"
              }
            ],
            "metadata": {
              "sha1": "ca9417c369e75d38dacdac59937223e5f6adcc18",
              "size": 2978080,
              "path": "mods/FarmersDelight-1.20.1-1.2.9.jar",
              "url": "/mods/398521/6917255/FarmersDelight-1.20.1-1.2.9.jar"
            },
            "installed": 306857,
            "available": false,
            "minecraftVersionTypes": [
              {
                "id": 5,
                "name": "neoForge"
              },
              {
                "id": 1,
                "name": "forge"
              }
            ]
          },
          "popularity": 5,
          "downloadMonth": 1492,
          "userInstall": false,
          "populateStatus": false,
          "dependencies": [],
          "lastGameVersion": {
            "id": 53,
            "name": "1.21.1"
          },
          "updated": 1755896400000,
          "update": 1755896400000,
          "downloadALL": 5675350,
          "available": true,
          "parser": true,
          "totalComments": 0,
          "adult": false
        },
        {
          "stateGameElement": "active",
          "id": 658587,
          "name": "playerAnimator",
          "author": "kosmx",
          "linkProject": "https://www.curseforge.com/minecraft/mc-mods/playeranimator",
          "favorite": false,
          "categories": [
            {
              "id": 7,
              "name": "library_api",
              "shortName": "api",
              "nesting": 0
            },
            {
              "id": 3,
              "name": "cosmetic",
              "shortName": "cosmetic",
              "nesting": 0
            }
          ],
          "picture": 821152,
          "pictures": [],
          "lanName": "playeranimator",
          "version": {
            "id": 4587214,
            "name": "player-animation-lib-forge-1.0.2-rc1+1.20",
            "updateDate": 1686772918000,
            "type": "beta",
            "gameVersionsDTO": [
              {
                "id": 46,
                "name": "1.20.1"
              },
              {
                "id": 45,
                "name": "1.20"
              }
            ],
            "metadata": {
              "sha1": "16808f94a41d45d8e986b4e4ea6b02ba57fa058a",
              "size": 181437,
              "path": "mods/player-animation-lib-forge-1.0.2-rc1+1.20.jar",
              "url": "/mods/658587/4587214/player-animation-lib-forge-1.0.2-rc1+1.20.jar"
            },
            "installed": 2234267,
            "available": false,
            "minecraftVersionTypes": [
              {
                "id": 1,
                "name": "forge"
              }
            ]
          },
          "popularity": 5,
          "downloadMonth": 0,
          "userInstall": false,
          "populateStatus": false,
          "dependencies": [
            {
              "gameType": "mod",
              "id": 5131,
              "name": "bendy-lib",
              "gameEntityId": 623373,
              "dependencyType": "optional"
            }
          ],
          "lastGameVersion": {
            "id": 62,
            "name": "1.21.7"
          },
          "updated": 1752440400000,
          "update": 1752440400000,
          "downloadALL": 4400115,
          "available": true,
          "parser": true,
          "totalComments": 0,
          "adult": false
        },
        {
          "stateGameElement": "active",
          "id": 309927,
          "name": "Curios API (ForgeNeoForge)",
          "author": "TheIllusiveC4",
          "linkProject": "https://www.curseforge.com/minecraft/mc-mods/curios",
          "favorite": false,
          "categories": [
            {
              "id": 55,
              "name": "adventure_and_rpg",
              "shortName": "roleplay",
              "nesting": 0
            },
            {
              "id": 4,
              "name": "armor_weapons_tools",
              "shortName": "military",
              "nesting": 0
            },
            {
              "id": 7,
              "name": "library_api",
              "shortName": "api",
              "nesting": 0
            }
          ],
          "picture": 781711,
          "pictures": [],
          "lanName": "curios",
          "version": {
            "id": 6418456,
            "name": "curios-forge-5.14.1+1.20.1",
            "updateDate": 1744549770000,
            "type": "release",
            "gameVersionsDTO": [
              {
                "id": 46,
                "name": "1.20.1"
              },
              {
                "id": 45,
                "name": "1.20"
              }
            ],
            "metadata": {
              "sha1": "452175b95ad3db6ff58bb8968f6bf7a9d1e0f480",
              "size": 398066,
              "path": "mods/curios-forge-5.14.1+1.20.1.jar",
              "url": "/mods/309927/6418456/curios-forge-5.14.1+1.20.1.jar"
            },
            "installed": 1420675,
            "available": false,
            "minecraftVersionTypes": [
              {
                "id": 5,
                "name": "neoForge"
              },
              {
                "id": 1,
                "name": "forge"
              }
            ]
          },
          "popularity": 5,
          "downloadMonth": 343,
          "userInstall": false,
          "populateStatus": false,
          "dependencies": [],
          "lastGameVersion": {
            "id": 59,
            "name": "1.21.5"
          },
          "updated": 1747429200000,
          "update": 1747429200000,
          "downloadALL": 12025613,
          "available": true,
          "parser": true,
          "totalComments": 0,
          "adult": false
        },
        {
          "stateGameElement": "active",
          "id": 388172,
          "name": "GeckoLib",
          "author": "spectralstudiosminecraft",
          "uuid": "7d6a72e4-c34d-11ea-8f8c-b42e996a7d7a",
          "linkProject": "https://www.curseforge.com/minecraft/mc-mods/geckolib",
          "favorite": false,
          "categories": [
            {
              "id": 7,
              "name": "library_api",
              "shortName": "api",
              "nesting": 0
            }
          ],
          "picture": 909991,
          "pictures": [],
          "lanName": "geckolib",
          "version": {
            "id": 7025129,
            "name": "geckolib-forge-1.20.1-4.8.2",
            "updateDate": 1758622134000,
            "type": "release",
            "gameVersionsDTO": [
              {
                "id": 46,
                "name": "1.20.1"
              }
            ],
            "metadata": {
              "sha1": "395a9f21a36dc8466d67c2af67a904e7013460d1",
              "size": 1038979,
              "path": "mods/geckolib-forge-1.20.1-4.8.2.jar",
              "url": "/mods/388172/7025129/geckolib-forge-1.20.1-4.8.2.jar"
            },
            "installed": 951672,
            "available": false,
            "minecraftVersionTypes": [
              {
                "id": 1,
                "name": "forge"
              }
            ]
          },
          "popularity": 5,
          "downloadMonth": 638,
          "userInstall": false,
          "populateStatus": false,
          "dependencies": [
            {
              "gameType": "mod",
              "id": 7506,
              "name": "Iris/Oculus & GeckoLib Compat",
              "gameEntityId": 959388,
              "dependencyType": "incompatible"
            }
          ],
          "lastGameVersion": {
            "id": 66,
            "name": "1.21.11"
          },
          "updated": 1761685200000,
          "update": 1761685200000,
          "downloadALL": 16094196,
          "available": true,
          "parser": true,
          "totalComments": 0,
          "adult": false
        },
        {
          "stateGameElement": "active",
          "id": 855414,
          "name": "Iron's Spells 'n Spellbooks",
          "author": "Iron431 Iron431 lab3",
          "linkProject": "https://www.curseforge.com/minecraft/mc-mods/irons-spells-n-spellbooks",
          "favorite": false,
          "categories": [
            {
              "id": 1,
              "name": "magic",
              "shortName": "magic",
              "nesting": 0
            },
            {
              "id": 27,
              "name": "world_structures",
              "shortName": "structures",
              "nesting": 0
            },
            {
              "id": 55,
              "name": "adventure_and_rpg",
              "shortName": "roleplay",
              "nesting": 0
            },
            {
              "id": 4,
              "name": "armor_weapons_tools",
              "shortName": "military",
              "nesting": 0
            },
            {
              "id": 13,
              "name": "world_mobs",
              "shortName": "mobs",
              "nesting": 0
            }
          ],
          "picture": 787603,
          "pictures": [
            443478,
            443487,
            443473,
            443482,
            443472,
            443492,
            443481,
            443476,
            443477,
            443491,
            443471,
            443480,
            443485,
            443493
          ],
          "lanName": "irons-spells-n-spellbooks",
          "version": {
            "id": 6970299,
            "name": "irons_spellbooks-1.20.1-3.4.0.11",
            "updateDate": 1757189265000,
            "type": "release",
            "gameVersionsDTO": [
              {
                "id": 46,
                "name": "1.20.1"
              }
            ],
            "metadata": {
              "sha1": "84e0678cdad2c007ee56fa3fef1403a612d07feb",
              "size": 8784756,
              "path": "mods/irons_spellbooks-1.20.1-3.4.0.11.jar",
              "url": "/mods/855414/6970299/irons_spellbooks-1.20.1-3.4.0.11.jar"
            },
            "installed": 136870,
            "available": false,
            "minecraftVersionTypes": [
              {
                "id": 1,
                "name": "forge"
              }
            ]
          },
          "popularity": 5,
          "downloadMonth": 0,
          "userInstall": false,
          "populateStatus": false,
          "dependencies": [
            {
              "gameType": "mod",
              "id": 3667,
              "name": "playerAnimator",
              "gameEntityId": 658587,
              "dependencyType": "required"
            },
            {
              "gameType": "mod",
              "id": 9,
              "name": "Curios API (ForgeNeoForge)",
              "gameEntityId": 309927,
              "dependencyType": "required"
            },
            {
              "gameType": "mod",
              "id": 169,
              "name": "GeckoLib",
              "gameEntityId": 388172,
              "dependencyType": "required"
            }
          ],
          "lastGameVersion": {
            "id": 53,
            "name": "1.21.1"
          },
          "updated": 1760562000000,
          "update": 1760562000000,
          "downloadALL": 838296,
          "available": true,
          "parser": true,
          "totalComments": 0,
          "adult": false
        },
        {
          "stateGameElement": "active",
          "id": 421377,
          "name": "HT's TreeChop",
          "author": "hammertater",
          "linkProject": "https://www.curseforge.com/minecraft/mc-mods/treechop",
          "favorite": false,
          "categories": [
            {
              "id": 22,
              "name": "mc_miscellaneous",
              "shortName": "mixed",
              "nesting": 0
            }
          ],
          "picture": 821330,
          "pictures": [
            223453,
            223452,
            223454
          ],
          "lanName": "treechop",
          "version": {
            "id": 5565422,
            "name": "TreeChop-1.20.1-forge-0.19.0-fixed",
            "updateDate": 1721930692000,
            "type": "release",
            "gameVersionsDTO": [
              {
                "id": 46,
                "name": "1.20.1"
              }
            ],
            "metadata": {
              "sha1": "ac5a20b5a2fd9ed7d6e9a0c033f53307947e5f3f",
              "size": 517225,
              "path": "mods/TreeChop-1.20.1-forge-0.19.0-fixed.jar",
              "url": "/mods/421377/5565422/TreeChop-1.20.1-forge-0.19.0-fixed.jar"
            },
            "installed": 121866,
            "available": false,
            "minecraftVersionTypes": [
              {
                "id": 1,
                "name": "forge"
              }
            ]
          },
          "popularity": 5,
          "downloadMonth": 622,
          "userInstall": false,
          "populateStatus": false,
          "dependencies": [],
          "lastGameVersion": {
            "id": 53,
            "name": "1.21.1"
          },
          "updated": 1740949200000,
          "update": 1740949200000,
          "downloadALL": 1031701,
          "available": true,
          "parser": true,
          "totalComments": 0,
          "adult": false
        },
        {
          "stateGameElement": "active",
          "id": 1003666,
          "name": "Luki's Grand Capitals",
          "author": "lukidon",
          "linkProject": "https://www.curseforge.com/minecraft/mc-mods/lukis-grand-capitals",
          "favorite": false,
          "categories": [
            {
              "id": 27,
              "name": "world_structures",
              "shortName": "structures",
              "nesting": 0
            },
            {
              "id": 3,
              "name": "cosmetic",
              "shortName": "cosmetic",
              "nesting": 0
            },
            {
              "id": 29,
              "name": "world_gen",
              "shortName": "world",
              "nesting": 0
            }
          ],
          "picture": 898696,
          "pictures": [
            803089,
            803094,
            803091,
            803092,
            803088,
            803093,
            803090,
            803095
          ],
          "lanName": "lukis-grand-capitals",
          "version": {
            "id": 6786014,
            "name": "lukis-grand-capitals-1.1.2",
            "updateDate": 1752893196000,
            "type": "release",
            "gameVersionsDTO": [
              {
                "id": 66,
                "name": "1.21.11"
              },
              {
                "id": 65,
                "name": "1.21.10"
              },
              {
                "id": 64,
                "name": "1.21.9"
              },
              {
                "id": 63,
                "name": "1.21.8"
              },
              {
                "id": 62,
                "name": "1.21.7"
              },
              {
                "id": 61,
                "name": "1.21.6"
              },
              {
                "id": 59,
                "name": "1.21.5"
              },
              {
                "id": 57,
                "name": "1.21.4"
              },
              {
                "id": 55,
                "name": "1.21.3"
              },
              {
                "id": 54,
                "name": "1.21.2"
              },
              {
                "id": 53,
                "name": "1.21.1"
              },
              {
                "id": 52,
                "name": "1.21"
              },
              {
                "id": 51,
                "name": "1.20.6"
              },
              {
                "id": 50,
                "name": "1.20.5"
              },
              {
                "id": 49,
                "name": "1.20.4"
              },
              {
                "id": 48,
                "name": "1.20.3"
              },
              {
                "id": 47,
                "name": "1.20.2"
              },
              {
                "id": 46,
                "name": "1.20.1"
              },
              {
                "id": 45,
                "name": "1.20"
              },
              {
                "id": 44,
                "name": "1.19.4"
              },
              {
                "id": 43,
                "name": "1.19.3"
              },
              {
                "id": 38,
                "name": "1.19.2"
              },
              {
                "id": 37,
                "name": "1.19.1"
              },
              {
                "id": 36,
                "name": "1.19"
              }
            ],
            "metadata": {
              "sha1": "bdf6cf6338e26825324da4ec2cc380b9f485a4a2",
              "size": 11217284,
              "path": "mods/lukis-grand-capitals-1.1.2.jar",
              "url": "/mods/1003666/6786014/lukis-grand-capitals-1.1.2.jar"
            },
            "installed": 35290,
            "available": false,
            "minecraftVersionTypes": [
              {
                "id": 5,
                "name": "neoForge"
              },
              {
                "id": 2,
                "name": "fabric"
              },
              {
                "id": 1,
                "name": "forge"
              },
              {
                "id": 4,
                "name": "quilt"
              }
            ]
          },
          "popularity": 2,
          "downloadMonth": 0,
          "userInstall": false,
          "populateStatus": false,
          "dependencies": [],
          "lastGameVersion": {
            "id": 66,
            "name": "1.21.11"
          },
          "updated": 1752872400000,
          "update": 1752872400000,
          "downloadALL": 98977,
          "available": true,
          "parser": true,
          "totalComments": 0
        },
        {
          "stateGameElement": "active",
          "id": 32274,
          "name": "JourneyMap",
          "author": "techbrew",
          "linkProject": "https://www.curseforge.com/minecraft/mc-mods/journeymap",
          "favorite": false,
          "categories": [
            {
              "id": 6,
              "name": "map_information",
              "shortName": "maps",
              "nesting": 0
            }
          ],
          "picture": 787401,
          "pictures": [],
          "lanName": "journeymap",
          "version": {
            "id": 5789363,
            "name": "journeymap-1.20.1-5.10.3-forge",
            "updateDate": 1728241125000,
            "type": "release",
            "gameVersionsDTO": [
              {
                "id": 46,
                "name": "1.20.1"
              }
            ],
            "metadata": {
              "sha1": "d0bbe7c23049892b154b6417904dd027fb53a37a",
              "size": 7160405,
              "path": "mods/journeymap-1.20.1-5.10.3-forge.jar",
              "url": "/mods/32274/5789363/journeymap-1.20.1-5.10.3-forge.jar"
            },
            "installed": 2436343,
            "available": false,
            "minecraftVersionTypes": [
              {
                "id": 1,
                "name": "forge"
              }
            ]
          },
          "popularity": 5,
          "downloadMonth": 40310,
          "userInstall": false,
          "populateStatus": false,
          "dependencies": [
            {
              "gameType": "mod",
              "id": 5027,
              "name": "JourneyMap Tools",
              "gameEntityId": 226005,
              "dependencyType": "tools"
            }
          ],
          "lastGameVersion": {
            "id": 65,
            "name": "1.21.10"
          },
          "updated": 1761858000000,
          "update": 1761858000000,
          "downloadALL": 48676953,
          "available": true,
          "parser": true,
          "totalComments": 0,
          "adult": false
        },
        {
          "stateGameElement": "active",
          "id": 238222,
          "name": "Just Enough Items (JEI)",
          "author": "mezz",
          "linkProject": "https://www.curseforge.com/minecraft/mc-mods/jei",
          "favorite": false,
          "categories": [
            {
              "id": 6,
              "name": "map_information",
              "shortName": "maps",
              "nesting": 0
            },
            {
              "id": 7,
              "name": "library_api",
              "shortName": "api",
              "nesting": 0
            }
          ],
          "picture": 821131,
          "pictures": [
            24069,
            24074,
            24089,
            24081
          ],
          "lanName": "jei",
          "version": {
            "id": 7181650,
            "name": "jei-1.20.1-forge-15.20.0.118",
            "updateDate": 1762166337000,
            "gameVersionsDTO": [
              {
                "id": 46,
                "name": "1.20.1"
              }
            ],
            "metadata": {
              "sha1": "8e735fcf3f97a62753749e05f14ef49e50eb3d32",
              "size": 1408216,
              "path": "mods/jei-1.20.1-forge-15.20.0.118.jar",
              "url": "/mods/238222/7181650/jei-1.20.1-forge-15.20.0.118.jar"
            },
            "installed": 486019,
            "available": false,
            "minecraftVersionTypes": [
              {
                "id": 1,
                "name": "forge"
              }
            ]
          },
          "popularity": 5,
          "downloadMonth": 74909,
          "userInstall": false,
          "populateStatus": false,
          "dependencies": [],
          "lastGameVersion": {
            "id": 65,
            "name": "1.21.10"
          },
          "updated": 1766264400000,
          "update": 1766264400000,
          "downloadALL": 78308629,
          "available": true,
          "parser": true,
          "totalComments": 0,
          "adult": false
        },
        {
          "stateGameElement": "active",
          "id": 618298,
          "name": "Sophisticated Core",
          "author": "p3pp3rf1y",
          "linkProject": "https://www.curseforge.com/minecraft/mc-mods/sophisticated-core",
          "favorite": false,
          "categories": [
            {
              "id": 7,
              "name": "library_api",
              "shortName": "api",
              "nesting": 0
            }
          ],
          "picture": 821151,
          "pictures": [],
          "lanName": "sophisticated-core",
          "version": {
            "id": 7169400,
            "name": "sophisticatedcore-1.20.1-1.2.107.1240",
            "updateDate": 1761890253000,
            "type": "release",
            "gameVersionsDTO": [
              {
                "id": 46,
                "name": "1.20.1"
              }
            ],
            "metadata": {
              "sha1": "bd25a3a9d1b4a6e25b4087b58c0cd3a9564a78a7",
              "size": 1438965,
              "path": "mods/sophisticatedcore-1.20.1-1.2.107.1240.jar",
              "url": "/mods/618298/7169400/sophisticatedcore-1.20.1-1.2.107.1240.jar"
            },
            "installed": 158247,
            "available": false,
            "minecraftVersionTypes": [
              {
                "id": 5,
                "name": "neoForge"
              },
              {
                "id": 1,
                "name": "forge"
              }
            ]
          },
          "popularity": 5,
          "downloadMonth": 0,
          "userInstall": false,
          "populateStatus": false,
          "dependencies": [],
          "lastGameVersion": {
            "id": 63,
            "name": "1.21.8"
          },
          "updated": 1766178000000,
          "update": 1766178000000,
          "downloadALL": 3164004,
          "available": true,
          "parser": true,
          "totalComments": 0,
          "adult": false
        },
        {
          "stateGameElement": "active",
          "id": 422301,
          "name": "Sophisticated Backpacks",
          "author": "p3pp3rf1y",
          "linkProject": "https://www.curseforge.com/minecraft/mc-mods/sophisticated-backpacks",
          "favorite": false,
          "categories": [
            {
              "id": 83,
              "name": "storage",
              "shortName": "storage",
              "nesting": 0
            },
            {
              "id": 4,
              "name": "armor_weapons_tools",
              "shortName": "military",
              "nesting": 0
            }
          ],
          "picture": 821142,
          "pictures": [
            197504,
            223948,
            223954,
            193027,
            193031,
            193624,
            223955,
            236988,
            223957,
            197506,
            197509,
            236986,
            193029,
            271675,
            193623,
            193030,
            223956,
            197501,
            223949,
            197507,
            197503,
            193032,
            236987,
            223950,
            197505,
            197502,
            1109864,
            197508,
            223947,
            193028,
            223953,
            197500,
            223952,
            197499,
            193622,
            223951
          ],
          "lanName": "sophisticated-backpacks",
          "version": {
            "id": 7169843,
            "name": "sophisticatedbackpacks-1.20.1-3.24.12.1411",
            "updateDate": 1761906022000,
            "type": "release",
            "gameVersionsDTO": [
              {
                "id": 46,
                "name": "1.20.1"
              }
            ],
            "metadata": {
              "sha1": "6fcdb6e2fc18e24cd0e65fe57961310dd2443bd9",
              "size": 973366,
              "path": "mods/sophisticatedbackpacks-1.20.1-3.24.12.1411.jar",
              "url": "/mods/422301/7169843/sophisticatedbackpacks-1.20.1-3.24.12.1411.jar"
            },
            "installed": 154503,
            "available": false,
            "minecraftVersionTypes": [
              {
                "id": 5,
                "name": "neoForge"
              },
              {
                "id": 1,
                "name": "forge"
              }
            ]
          },
          "popularity": 5,
          "downloadMonth": 392,
          "userInstall": false,
          "populateStatus": false,
          "dependencies": [
            {
              "gameType": "mod",
              "id": 472,
              "name": "Curios API (ForgeNeoForge)",
              "gameEntityId": 309927,
              "dependencyType": "optional"
            },
            {
              "gameType": "mod",
              "id": 13101,
              "name": "TrashSlot",
              "gameEntityId": 235577,
              "dependencyType": "optional"
            },
            {
              "gameType": "mod",
              "id": 2365,
              "name": "Sophisticated Core",
              "gameEntityId": 618298,
              "dependencyType": "required"
            },
            {
              "gameType": "mod",
              "id": 5542,
              "name": "Item Borders [NeoForge]",
              "gameEntityId": 513769,
              "dependencyType": "optional"
            },
            {
              "gameType": "mod",
              "id": 1168,
              "name": "Crafting Tweaks",
              "gameEntityId": 233071,
              "dependencyType": "optional"
            },
            {
              "gameType": "mod",
              "id": 6428,
              "name": "Sawmill",
              "gameEntityId": 964817,
              "dependencyType": "optional"
            },
            {
              "gameType": "mod",
              "id": 4917,
              "name": "Chipped",
              "gameEntityId": 456956,
              "dependencyType": "optional"
            },
            {
              "gameType": "mod",
              "id": 4,
              "name": "Just Enough Items (JEI)",
              "gameEntityId": 238222,
              "dependencyType": "optional"
            }
          ],
          "lastGameVersion": {
            "id": 66,
            "name": "1.21.11"
          },
          "updated": 1766178000000,
          "update": 1766178000000,
          "downloadALL": 6334647,
          "available": true,
          "parser": true,
          "totalComments": 0,
          "adult": false
        },
        {
          "stateGameElement": "active",
          "id": 36060080,
          "name": "Hold My Items - Reforged",
          "author": "AlexsandeRU",
          "uuid": "6c9170fa-431d-11ec-90e4-d45d64bce613",
          "favorite": false,
          "categories": [],
          "picture": 1120825,
          "pictures": [
            1120826
          ],
          "lanName": "holditems",
          "version": {
            "id": 11019016,
            "name": "1.0",
            "updateDate": 1749451000000,
            "type": "release",
            "gameVersionsDTO": [
              {
                "id": 46,
                "name": "1.20.1"
              }
            ],
            "metadata": {
              "sha1": "a7d8354adb258be8d57c344a40dd1873647868ea",
              "size": 100362,
              "path": "mods/holdmyitems-1.20.1-4v2.0.jar",
              "url": "/mods/36060073/11019004/holdmyitems-1.20.1-4v2.0.jar"
            },
            "installed": 84390,
            "available": false,
            "minecraftVersionTypes": [
              {
                "id": 1,
                "name": "forge"
              }
            ]
          },
          "popularity": 3,
          "downloadMonth": 0,
          "userInstall": false,
          "populateStatus": false,
          "dependencies": [],
          "lastGameVersion": {
            "id": 59,
            "name": "1.21.5"
          },
          "updated": 1750176163000,
          "update": 1750176163000,
          "downloadALL": 115724,
          "available": true,
          "parser": false,
          "totalComments": 0
        },
        {
          "stateGameElement": "active",
          "id": 256717,
          "name": "Clumps",
          "author": "jaredlll08",
          "linkProject": "https://www.curseforge.com/minecraft/mc-mods/clumps",
          "favorite": false,
          "categories": [
            {
              "id": 83,
              "name": "storage",
              "shortName": "storage",
              "nesting": 0
            },
            {
              "id": 15,
              "name": "server_utility",
              "shortName": "plugins",
              "nesting": 0
            }
          ],
          "picture": 1158201,
          "pictures": [],
          "lanName": "clumps",
          "version": {
            "id": 5278538,
            "name": "forge-1.20.1-12.0.0.4",
            "updateDate": 1713665042000,
            "type": "release",
            "gameVersionsDTO": [
              {
                "id": 46,
                "name": "1.20.1"
              }
            ],
            "metadata": {
              "sha1": "97cc669f68dbe812cb77cc3631339334fc28b877",
              "size": 20299,
              "path": "mods/Clumps-forge-1.20.1-12.0.0.4.jar",
              "url": "/mods/256717/5278538/Clumps-forge-1.20.1-12.0.0.4.jar"
            },
            "installed": 210272,
            "available": false,
            "minecraftVersionTypes": [
              {
                "id": 1,
                "name": "forge"
              }
            ]
          },
          "popularity": 5,
          "downloadMonth": 1326,
          "userInstall": false,
          "populateStatus": false,
          "dependencies": [],
          "lastGameVersion": {
            "id": 65,
            "name": "1.21.10"
          },
          "updated": 1760043600000,
          "update": 1760043600000,
          "downloadALL": 3142003,
          "available": true,
          "parser": true,
          "totalComments": 0,
          "adult": false
        },
        {
          "stateGameElement": "active",
          "id": 250419,
          "name": "Enchantment Descriptions",
          "author": "Darkhax MinecraftModDevelopment",
          "linkProject": "https://www.curseforge.com/minecraft/mc-mods/enchantment-descriptions",
          "favorite": false,
          "categories": [
            {
              "id": 1,
              "name": "magic",
              "shortName": "magic",
              "nesting": 0
            },
            {
              "id": 6,
              "name": "map_information",
              "shortName": "maps",
              "nesting": 0
            },
            {
              "id": 3,
              "name": "cosmetic",
              "shortName": "cosmetic",
              "nesting": 0
            }
          ],
          "picture": 781713,
          "pictures": [
            202353,
            206354,
            202352,
            206353
          ],
          "lanName": "enchantment-descriptions",
          "version": {
            "id": 7336071,
            "name": "Forge-1.20.1-17.1.20",
            "updateDate": 1765798140000,
            "type": "release",
            "gameVersionsDTO": [
              {
                "id": 46,
                "name": "1.20.1"
              }
            ],
            "metadata": {
              "sha1": "7942d3bf21a5060fb070f0809bf43a165b163fb5",
              "size": 69480,
              "path": "mods/EnchantmentDescriptions-Forge-1.20.1-17.1.20.jar",
              "url": "/mods/250419/7336071/EnchantmentDescriptions-Forge-1.20.1-17.1.20.jar"
            },
            "installed": 0,
            "available": false,
            "minecraftVersionTypes": [
              {
                "id": 5,
                "name": "neoForge"
              },
              {
                "id": 1,
                "name": "forge"
              }
            ]
          },
          "popularity": 5,
          "downloadMonth": 2364,
          "userInstall": false,
          "populateStatus": false,
          "dependencies": [
            {
              "gameType": "mod",
              "id": 7552,
              "name": "Prickle",
              "gameEntityId": 1023259,
              "dependencyType": "required"
            }
          ],
          "lastGameVersion": {
            "id": 65,
            "name": "1.21.10"
          },
          "updated": 1759870800000,
          "update": 1759870800000,
          "downloadALL": 5644751,
          "available": true,
          "parser": true,
          "totalComments": 0,
          "adult": false
        },
        {
          "stateGameElement": "active",
          "id": 324717,
          "name": "Jade 🔍",
          "author": "snownee_",
          "linkProject": "https://www.curseforge.com/minecraft/mc-mods/jade",
          "favorite": false,
          "categories": [
            {
              "id": 6,
              "name": "map_information",
              "shortName": "maps",
              "nesting": 0
            }
          ],
          "picture": 778705,
          "pictures": [
            161214,
            161213,
            161219,
            161218,
            389698,
            161215,
            161217,
            75536,
            161216,
            75534,
            75533,
            75535,
            75537
          ],
          "lanName": "jade",
          "version": {
            "id": 6855440,
            "name": "Jade-1.20.1-Forge-11.13.2",
            "updateDate": 1754489992000,
            "type": "release",
            "gameVersionsDTO": [
              {
                "id": 46,
                "name": "1.20.1"
              },
              {
                "id": 45,
                "name": "1.20"
              }
            ],
            "metadata": {
              "sha1": "1997e5fe2db3a0575ca79bfe4720019f01fd2b8c",
              "size": 552486,
              "path": "mods/Jade-1.20.1-Forge-11.13.2.jar",
              "url": "/mods/324717/6855440/Jade-1.20.1-Forge-11.13.2.jar"
            },
            "installed": 276499,
            "available": false,
            "minecraftVersionTypes": [
              {
                "id": 5,
                "name": "neoForge"
              },
              {
                "id": 1,
                "name": "forge"
              }
            ]
          },
          "popularity": 5,
          "downloadMonth": 42,
          "userInstall": false,
          "populateStatus": false,
          "dependencies": [
            {
              "gameType": "mod",
              "id": 4,
              "name": "Just Enough Items (JEI)",
              "gameEntityId": 238222,
              "dependencyType": "optional"
            }
          ],
          "lastGameVersion": {
            "id": 65,
            "name": "1.21.10"
          },
          "updated": 1759352400000,
          "update": 1759352400000,
          "downloadALL": 8702872,
          "available": true,
          "parser": true,
          "totalComments": 0,
          "adult": false
        },
        {
          "stateGameElement": "active",
          "id": 252848,
          "name": "Nature's Compass",
          "author": "Chaosyr",
          "linkProject": "https://www.curseforge.com/minecraft/mc-mods/natures-compass",
          "favorite": false,
          "categories": [
            {
              "id": 4,
              "name": "armor_weapons_tools",
              "shortName": "military",
              "nesting": 0
            },
            {
              "id": 14,
              "name": "world_biomes",
              "shortName": "biomes",
              "nesting": 0
            },
            {
              "id": 5,
              "name": "technology",
              "shortName": "technology",
              "nesting": 0
            },
            {
              "id": 6,
              "name": "map_information",
              "shortName": "maps",
              "nesting": 0
            }
          ],
          "picture": 787814,
          "pictures": [
            18381,
            234839,
            234840
          ],
          "lanName": "natures-compass",
          "version": {
            "id": 4712189,
            "name": "NaturesCompass-1.20.1-1.11.2-forge",
            "updateDate": 1692442644000,
            "type": "release",
            "gameVersionsDTO": [
              {
                "id": 46,
                "name": "1.20.1"
              }
            ],
            "metadata": {
              "sha1": "31ae930cdbb34e8e05e1954cfb2fee3a3813e850",
              "size": 215119,
              "path": "mods/NaturesCompass-1.20.1-1.11.2-forge.jar",
              "url": "/mods/252848/4712189/NaturesCompass-1.20.1-1.11.2-forge.jar"
            },
            "installed": 626675,
            "available": false,
            "minecraftVersionTypes": [
              {
                "id": 1,
                "name": "forge"
              }
            ]
          },
          "popularity": 5,
          "downloadMonth": 5831,
          "userInstall": false,
          "populateStatus": false,
          "dependencies": [],
          "lastGameVersion": {
            "id": 66,
            "name": "1.21.11"
          },
          "updated": 1761339600000,
          "update": 1761339600000,
          "downloadALL": 8085273,
          "available": true,
          "parser": true,
          "totalComments": 0,
          "adult": false
        },
        {
          "stateGameElement": "active",
          "id": 421850,
          "name": "YUNG's API (ForgeNeoForge)",
          "author": "yungnickyoung",
          "linkProject": "https://www.curseforge.com/minecraft/mc-mods/yungs-api",
          "favorite": false,
          "categories": [
            {
              "id": 7,
              "name": "library_api",
              "shortName": "api",
              "nesting": 0
            },
            {
              "id": 29,
              "name": "world_gen",
              "shortName": "world",
              "nesting": 0
            }
          ],
          "picture": 821139,
          "pictures": [],
          "lanName": "yungs-api",
          "version": {
            "id": 5769971,
            "name": "YungsApi-1.20-Forge-4.0.6",
            "updateDate": 1727676829000,
            "type": "release",
            "gameVersionsDTO": [
              {
                "id": 46,
                "name": "1.20.1"
              },
              {
                "id": 45,
                "name": "1.20"
              }
            ],
            "metadata": {
              "sha1": "af584b690f5646c6032002b58abc4591beed3833",
              "size": 370524,
              "path": "mods/YungsApi-1.20-Forge-4.0.6.jar",
              "url": "/mods/421850/5769971/YungsApi-1.20-Forge-4.0.6.jar"
            },
            "installed": 479178,
            "available": false,
            "minecraftVersionTypes": [
              {
                "id": 1,
                "name": "forge"
              }
            ]
          },
          "popularity": 5,
          "downloadMonth": 114,
          "userInstall": false,
          "populateStatus": false,
          "dependencies": [],
          "lastGameVersion": {
            "id": 57,
            "name": "1.21.4"
          },
          "updated": 1751317200000,
          "update": 1751317200000,
          "downloadALL": 1982191,
          "available": true,
          "parser": true,
          "totalComments": 0,
          "adult": false
        },
        {
          "stateGameElement": "active",
          "id": 504908,
          "name": "Traveler's Titles (ForgeNeoForge)",
          "author": "yungnickyoung",
          "linkProject": "https://www.curseforge.com/minecraft/mc-mods/travelers-titles",
          "favorite": false,
          "categories": [
            {
              "id": 17,
              "name": "world_dimensions",
              "shortName": "dimensions",
              "nesting": 0
            },
            {
              "id": 55,
              "name": "adventure_and_rpg",
              "shortName": "roleplay",
              "nesting": 0
            },
            {
              "id": 14,
              "name": "world_biomes",
              "shortName": "biomes",
              "nesting": 0
            },
            {
              "id": 6,
              "name": "map_information",
              "shortName": "maps",
              "nesting": 0
            }
          ],
          "picture": 821339,
          "pictures": [
            236380,
            289360,
            236384,
            236383,
            289361,
            236381
          ],
          "lanName": "travelers-titles",
          "version": {
            "id": 5065825,
            "name": "TravelersTitles-1.20-Forge-4.0.2",
            "updateDate": 1706462999000,
            "type": "release",
            "gameVersionsDTO": [
              {
                "id": 46,
                "name": "1.20.1"
              },
              {
                "id": 45,
                "name": "1.20"
              }
            ],
            "metadata": {
              "sha1": "64a435eaa6e08fff5af2c720c3b6a40fe292f2f7",
              "size": 228191,
              "path": "mods/TravelersTitles-1.20-Forge-4.0.2.jar",
              "url": "/mods/504908/5065825/TravelersTitles-1.20-Forge-4.0.2.jar"
            },
            "installed": 46010,
            "available": false,
            "minecraftVersionTypes": [
              {
                "id": 1,
                "name": "forge"
              }
            ]
          },
          "popularity": 3,
          "downloadMonth": 0,
          "userInstall": false,
          "populateStatus": false,
          "dependencies": [
            {
              "gameType": "mod",
              "id": 1679,
              "name": "YUNG's API (ForgeNeoForge)",
              "gameEntityId": 421850,
              "dependencyType": "required"
            }
          ],
          "lastGameVersion": {
            "id": 57,
            "name": "1.21.4"
          },
          "updated": 1744664400000,
          "update": 1744664400000,
          "downloadALL": 150819,
          "available": true,
          "parser": true,
          "totalComments": 0,
          "adult": false
        },
        {
          "stateGameElement": "active",
          "id": 248787,
          "name": "AppleSkin",
          "author": "squeek502",
          "uuid": "dfb0b67e-cae4-11ec-b2ce-f02f74958c02",
          "linkProject": "https://www.curseforge.com/minecraft/mc-mods/appleskin",
          "favorite": false,
          "categories": [
            {
              "id": 6,
              "name": "map_information",
              "shortName": "maps",
              "nesting": 0
            },
            {
              "id": 24,
              "name": "mc_food",
              "shortName": "food",
              "nesting": 0
            }
          ],
          "picture": 821134,
          "pictures": [],
          "lanName": "appleskin",
          "version": {
            "id": 4770828,
            "name": "appleskin-forge-mc1.20.1-2.5.1",
            "updateDate": 1695778789000,
            "type": "release",
            "gameVersionsDTO": [
              {
                "id": 46,
                "name": "1.20.1"
              }
            ],
            "metadata": {
              "sha1": "81919356f84eab14258db98924b66c3c38e372b1",
              "size": 47428,
              "path": "mods/appleskin-forge-mc1.20.1-2.5.1.jar",
              "url": "/mods/248787/4770828/appleskin-forge-mc1.20.1-2.5.1.jar"
            },
            "installed": 1946082,
            "available": false,
            "minecraftVersionTypes": [
              {
                "id": 1,
                "name": "forge"
              }
            ]
          },
          "popularity": 5,
          "downloadMonth": 7231,
          "userInstall": false,
          "populateStatus": false,
          "dependencies": [],
          "lastGameVersion": {
            "id": 65,
            "name": "1.21.10"
          },
          "updated": 1759784400000,
          "update": 1759784400000,
          "downloadALL": 14430239,
          "available": true,
          "parser": true,
          "totalComments": 0,
          "adult": false
        },
        {
          "stateGameElement": "active",
          "id": 272515,
          "name": "Better Advancements",
          "author": "Way2muchnoise",
          "linkProject": "https://www.curseforge.com/minecraft/mc-mods/better-advancements",
          "favorite": false,
          "categories": [
            {
              "id": 3,
              "name": "cosmetic",
              "shortName": "cosmetic",
              "nesting": 0
            }
          ],
          "picture": 821143,
          "pictures": [],
          "lanName": "better-advancements",
          "version": {
            "id": 6010300,
            "name": "BetterAdvancements-Forge-1.20.1-0.4.2.25",
            "updateDate": 1734783645000,
            "gameVersionsDTO": [
              {
                "id": 46,
                "name": "1.20.1"
              }
            ],
            "metadata": {
              "sha1": "c747ebbb7654b67c2b62b669605bcda041970ca4",
              "size": 98124,
              "path": "mods/BetterAdvancements-Forge-1.20.1-0.4.2.25.jar",
              "url": "/mods/272515/6010300/BetterAdvancements-Forge-1.20.1-0.4.2.25.jar"
            },
            "installed": 42763,
            "available": false,
            "minecraftVersionTypes": [
              {
                "id": 1,
                "name": "forge"
              }
            ]
          },
          "popularity": 5,
          "downloadMonth": 370,
          "userInstall": false,
          "populateStatus": false,
          "dependencies": [],
          "lastGameVersion": {
            "id": 66,
            "name": "1.21.11"
          },
          "updated": 1754514000000,
          "update": 1754514000000,
          "downloadALL": 925436,
          "available": true,
          "parser": true,
          "totalComments": 0,
          "adult": false
        }
      ],
      "resourcePacks": [
        {
          "stateGameElement": "active",
          "id": 453763,
          "name": "Fresh Animations",
          "author": "freshlx_official",
          "linkProject": "https://www.curseforge.com/minecraft/texture-packs/fresh-animations",
          "favorite": false,
          "categories": [
            {
              "id": 47,
              "name": "animated",
              "shortName": "animated",
              "nesting": 0
            },
            {
              "id": 50,
              "name": "modern",
              "shortName": "modern",
              "nesting": 0
            },
            {
              "id": 41,
              "name": "sixteen_x",
              "shortName": "16x",
              "nesting": 0
            },
            {
              "id": 53,
              "name": "traditional",
              "shortName": "traditional",
              "nesting": 0
            },
            {
              "id": 54,
              "name": "miscellaneous",
              "shortName": "miscellaneous",
              "nesting": 0
            }
          ],
          "picture": 1200896,
          "pictures": [
            230700,
            229715,
            229726,
            213112,
            280677,
            229717,
            229716,
            229719,
            229720,
            229713,
            229721,
            280678,
            229714,
            229724,
            229725,
            229718,
            229723
          ],
          "lanName": "fresh-animations",
          "version": {
            "id": 7352023,
            "name": "_v1.10.3",
            "updateDate": 1766109125000,
            "type": "beta",
            "gameVersionsDTO": [
              {
                "id": 66,
                "name": "1.21.11"
              },
              {
                "id": 65,
                "name": "1.21.10"
              },
              {
                "id": 64,
                "name": "1.21.9"
              },
              {
                "id": 63,
                "name": "1.21.8"
              },
              {
                "id": 62,
                "name": "1.21.7"
              },
              {
                "id": 61,
                "name": "1.21.6"
              },
              {
                "id": 59,
                "name": "1.21.5"
              },
              {
                "id": 57,
                "name": "1.21.4"
              },
              {
                "id": 55,
                "name": "1.21.3"
              },
              {
                "id": 54,
                "name": "1.21.2"
              },
              {
                "id": 53,
                "name": "1.21.1"
              },
              {
                "id": 52,
                "name": "1.21"
              },
              {
                "id": 51,
                "name": "1.20.6"
              },
              {
                "id": 50,
                "name": "1.20.5"
              },
              {
                "id": 49,
                "name": "1.20.4"
              },
              {
                "id": 48,
                "name": "1.20.3"
              },
              {
                "id": 47,
                "name": "1.20.2"
              },
              {
                "id": 46,
                "name": "1.20.1"
              },
              {
                "id": 45,
                "name": "1.20"
              }
            ],
            "metadata": {
              "sha1": "b5fbbb0cf6609527d6a017e9d8c3116ec1f9fc5c",
              "size": 856240,
              "path": "resourcepacks/FreshAnimations_v1.10.3.zip",
              "url": "/resourcepacks/453763/7352023/FreshAnimations_v1.10.3.zip"
            },
            "installed": 1192,
            "available": false,
            "minecraftVersionTypes": []
          },
          "popularity": 5,
          "downloadMonth": 0,
          "userInstall": false,
          "populateStatus": false,
          "dependencies": [],
          "lastGameVersion": {
            "id": 66,
            "name": "1.21.11"
          },
          "updated": 1766091600000,
          "update": 1766091600000,
          "downloadALL": 9972770,
          "available": true,
          "parser": true,
          "totalComments": 0,
          "adult": false
        },
        {
          "stateGameElement": "active",
          "id": 422346,
          "name": "Icons",
          "author": "mr_ch0c0late1",
          "linkProject": "https://www.curseforge.com/minecraft/texture-packs/icons",
          "favorite": false,
          "categories": [
            {
              "id": 22,
              "name": "mc_miscellaneous",
              "shortName": "mixed",
              "nesting": 0
            },
            {
              "id": 41,
              "name": "sixteen_x",
              "shortName": "16x",
              "nesting": 0
            }
          ],
          "picture": 820940,
          "pictures": [
            1231399,
            1231402,
            1231403,
            1231398,
            1231401,
            1231407,
            1231405,
            1231400,
            1231406,
            1231404
          ],
          "lanName": "icons",
          "version": {
            "id": 7145163,
            "name": "v.1.12.1",
            "updateDate": 1761328545000,
            "type": "release",
            "gameVersionsDTO": [
              {
                "id": 65,
                "name": "1.21.10"
              },
              {
                "id": 64,
                "name": "1.21.9"
              },
              {
                "id": 63,
                "name": "1.21.8"
              },
              {
                "id": 62,
                "name": "1.21.7"
              },
              {
                "id": 61,
                "name": "1.21.6"
              },
              {
                "id": 59,
                "name": "1.21.5"
              },
              {
                "id": 57,
                "name": "1.21.4"
              },
              {
                "id": 55,
                "name": "1.21.3"
              },
              {
                "id": 54,
                "name": "1.21.2"
              },
              {
                "id": 53,
                "name": "1.21.1"
              },
              {
                "id": 52,
                "name": "1.21"
              },
              {
                "id": 51,
                "name": "1.20.6"
              },
              {
                "id": 50,
                "name": "1.20.5"
              },
              {
                "id": 49,
                "name": "1.20.4"
              },
              {
                "id": 48,
                "name": "1.20.3"
              },
              {
                "id": 47,
                "name": "1.20.2"
              },
              {
                "id": 46,
                "name": "1.20.1"
              },
              {
                "id": 45,
                "name": "1.20"
              }
            ],
            "metadata": {
              "sha1": "e38d707993e6adea9ad770d4c1e6309c8d97b514",
              "size": 7251525,
              "path": "resourcepacks/Icons v.1.12.1.zip",
              "url": "/resourcepacks/422346/7145163/Icons%20v.1.12.1.zip"
            },
            "installed": 141760,
            "available": false,
            "minecraftVersionTypes": []
          },
          "popularity": 5,
          "downloadMonth": 6,
          "userInstall": false,
          "populateStatus": false,
          "dependencies": [
            {
              "gameType": "mod",
              "id": 7455,
              "name": "Respackopts",
              "gameEntityId": 430090,
              "dependencyType": "optional"
            }
          ],
          "lastGameVersion": {
            "id": 65,
            "name": "1.21.10"
          },
          "updated": 1761253200000,
          "update": 1761253200000,
          "downloadALL": 867517,
          "available": true,
          "parser": true,
          "totalComments": 0,
          "adult": false
        },
        {
          "stateGameElement": "active",
          "id": 664719,
          "name": "Mandala's GUI - Dark mode",
          "author": "cesar_zorak",
          "linkProject": "https://www.curseforge.com/minecraft/texture-packs/mandalas-gui-dark-mode",
          "favorite": false,
          "categories": [
            {
              "id": 50,
              "name": "modern",
              "shortName": "modern",
              "nesting": 0
            },
            {
              "id": 41,
              "name": "sixteen_x",
              "shortName": "16x",
              "nesting": 0
            },
            {
              "id": 53,
              "name": "traditional",
              "shortName": "traditional",
              "nesting": 0
            }
          ],
          "picture": 820694,
          "pictures": [
            346360,
            429830,
            346358,
            346356,
            346359,
            346357,
            346361
          ],
          "lanName": "mandalas-gui-dark-mode",
          "version": {
            "id": 6738438,
            "name": "MandalasGUI+Dakmode_1.21.6_v2.0",
            "updateDate": 1751827806000,
            "type": "release",
            "gameVersionsDTO": [
              {
                "id": 63,
                "name": "1.21.8"
              },
              {
                "id": 62,
                "name": "1.21.7"
              },
              {
                "id": 61,
                "name": "1.21.6"
              },
              {
                "id": 59,
                "name": "1.21.5"
              },
              {
                "id": 57,
                "name": "1.21.4"
              },
              {
                "id": 55,
                "name": "1.21.3"
              },
              {
                "id": 54,
                "name": "1.21.2"
              },
              {
                "id": 53,
                "name": "1.21.1"
              },
              {
                "id": 52,
                "name": "1.21"
              },
              {
                "id": 51,
                "name": "1.20.6"
              },
              {
                "id": 50,
                "name": "1.20.5"
              },
              {
                "id": 49,
                "name": "1.20.4"
              },
              {
                "id": 48,
                "name": "1.20.3"
              },
              {
                "id": 47,
                "name": "1.20.2"
              },
              {
                "id": 46,
                "name": "1.20.1"
              },
              {
                "id": 45,
                "name": "1.20"
              },
              {
                "id": 44,
                "name": "1.19.4"
              },
              {
                "id": 43,
                "name": "1.19.3"
              },
              {
                "id": 38,
                "name": "1.19.2"
              }
            ],
            "metadata": {
              "sha1": "f414246074c14584880c775fbadae6c91840d11a",
              "size": 711278,
              "path": "resourcepacks/MandalasGUI+Dakmode_1.21.6_v2.0.zip",
              "url": "/resourcepacks/664719/6738438/MandalasGUI+Dakmode_1.21.6_v2.0.zip"
            },
            "installed": 97844,
            "available": false,
            "minecraftVersionTypes": []
          },
          "popularity": 5,
          "downloadMonth": 0,
          "userInstall": false,
          "populateStatus": false,
          "dependencies": [],
          "lastGameVersion": {
            "id": 63,
            "name": "1.21.8"
          },
          "updated": 1751749200000,
          "update": 1751749200000,
          "downloadALL": 514117,
          "available": true,
          "parser": true,
          "totalComments": 0,
          "adult": false
        },
        {
          "stateGameElement": "active",
          "id": 349116,
          "name": "Default Dark Mode",
          "author": "nebuir",
          "linkProject": "https://www.curseforge.com/minecraft/texture-packs/default-dark-mode",
          "favorite": false,
          "categories": [
            {
              "id": 22,
              "name": "mc_miscellaneous",
              "shortName": "mixed",
              "nesting": 0
            },
            {
              "id": 49,
              "name": "mod_support",
              "shortName": "mod",
              "nesting": 0
            },
            {
              "id": 41,
              "name": "sixteen_x",
              "shortName": "16x",
              "nesting": 0
            },
            {
              "id": 53,
              "name": "traditional",
              "shortName": "traditional",
              "nesting": 0
            }
          ],
          "picture": 820752,
          "pictures": [
            498308,
            498306,
            498302,
            498304,
            498305,
            498307,
            498303
          ],
          "lanName": "default-dark-mode",
          "version": {
            "id": 4633979,
            "name": "Default-Dark-Mode-1.20-2023.7.0",
            "updateDate": 1688921165000,
            "type": "release",
            "gameVersionsDTO": [
              {
                "id": 46,
                "name": "1.20.1"
              },
              {
                "id": 45,
                "name": "1.20"
              }
            ],
            "metadata": {
              "sha1": "50c5af2fce9157af0ae890635113baf6c95b352a",
              "size": 640194,
              "path": "resourcepacks/Default-Dark-Mode-1.20-2023.7.0.zip",
              "url": "/resourcepacks/349116/4633979/Default-Dark-Mode-1.20-2023.7.0.zip"
            },
            "installed": 171876,
            "available": false,
            "minecraftVersionTypes": []
          },
          "popularity": 5,
          "downloadMonth": 74,
          "userInstall": false,
          "populateStatus": false,
          "dependencies": [],
          "lastGameVersion": {
            "id": 61,
            "name": "1.21.6"
          },
          "updated": 1750107600000,
          "update": 1750107600000,
          "downloadALL": 740322,
          "available": true,
          "parser": true,
          "totalComments": 0,
          "adult": false
        }
      ],
      "maps": [],
      "shaderpacks": [],
      "gameVersionDTO": {
        "id": 46,
        "name": "1.20.1"
      },
      "minecraftVersionName": {
        "id": 4181,
        "name": "47.4.10"
      },
      "id": -13565239643401,
      "name": "1.0",
      "available": false,
      "minecraftVersionTypes": [
        {
          "id": 1,
          "name": "forge"
        }
      ]
    },
    "userInstall": false,
    "populateStatus": false,
    "available": false,
    "parser": false,
    "totalComments": 0
  },
  "source": "local_version_repo",
  "jar": "1.20.1",
  "skinVersion": true
}